Session-Started,Motorola,77.65799,Shivpuri,None,Samsung,25.42412,A8000,IN,Madhya Pradesh,Airtel
TINDER_EVENTS,,85.905533,Cuttack,Product Clicked,Samsung,20.450474,A7000,IN,Odisha,Jio 4G
PDP_EVENTS,Redmi Note 3,80.224998,Chennai,Photo Clicked,Samsung,13.090994,A7000,IN,Tamil Nadu,Idea
PRODUCT_VIEWED,Redmi Note 3,74.255989,Dahod,None,Mummy Phone,22.835602,A8000,IN,Gujarat,Idea
PDP_EVENTS,Google Pixel,70.627625,Jetpur,Buy Clicked,Samsung,21.761524,Redmi Note3,IN,Gujarat,Jio 4G
Cart Item Screen,Google Pixel,82.56443,Mirzapur,None,My Phone,25.133699,A7000,IN,Uttar Pradesh,BSNL
CART_EVENTS,Samsung,70.627625,Jetpur,Place Order Clicked,Samsung,21.761524,A8000,IN,Gujarat,Jio 4G
Cart Review Order Screen,,87.746803,Ghatal,None,I Phone,22.663696,Iphon3,IN,West Bengal,Idea
CART_EVENTS,Google Pixel,80.471588,Gola Gokarannath,PAY,I Phone,28.078636,A8000,IN,Uttar Pradesh,Airtel
PAYMENT_STATUS,Motorola,87.231972,Kharagpur,None,Mummy Phone,22.34601,Redmi Note3,IN,West Bengal,Idea
revenue_amount,Google Pixel,85.905533,Cuttack,None,I Phone,20.450474,Iphon3,IN,Odisha,Idea
CHARGED,Motorola,75.151535,Kekri,None,Motorola,25.973787,Iphon3,IN,Rajasthan,Idea
Buy_Complete,Motorola,86.952393,Asansol,None,Motorola,23.673944,A8000,IN,West Bengal,Airtel
Action Bar,,78.342674,Najibabad,None,My Phone,29.607981,A8000,IN,Uttar Pradesh,BSNL
New Navigation Bar,Redmi Note 3,72.369949,Mehsana,None,My Phone,23.586761,A8000,IN,Gujarat,Idea
My Order Cancel,Samsung,84.540833,Gumla,None,Motorola,23.041924,A8000,IN,Jharkhand,Idea
ORDER_CANCEL,,76.35257,Khandwa,None,My Phone,21.825733,A8000,IN,Madhya Pradesh,BSNL
My Order Cancel,Motorola,88.125587,Raiganj,None,Motorola,25.61853,Redmi Note3,IN,West Bengal,Jio 4G
ORDER_CANCEL,Motorola,88.262672,Darjeeling,None,Mummy Phone,27.036007,A8000,IN,West Bengal,BSNL
TINDER_EVENTS,Redmi Note 3,85.625511,Chakradharpur,Product Clicked,I Phone,22.668312,A7000,IN,Jharkhand,Jio 4G
PDP_EVENTS,Redmi Note 3,83.896782,Srikakulam,Photo Clicked,My Phone,18.296974,Iphon3,IN,Andhra Pradesh,BSNL
PRODUCT_VIEWED,,82.56443,Mirzapur,None,My Phone,25.133699,A7000,IN,Uttar Pradesh,Idea
PDP_EVENTS,Samsung,78.342674,Najibabad,Buy Clicked,Motorola,29.607981,A8000,IN,Uttar Pradesh,BSNL
Cart Item Screen,Google Pixel,69.605965,Porbandar,None,My Phone,21.640575,A7000,IN,Gujarat,Idea
PDP_EVENTS,Motorola,82.56443,Mirzapur,Photo Clicked,I Phone,25.133699,Iphon3,IN,Uttar Pradesh,Jio 4G
PRODUCT_VIEWED,Samsung,72.657074,Mansa,None,My Phone,23.426788,A8000,IN,Gujarat,BSNL
PDP_EVENTS,Motorola,74.945473,Bathinda,Photo Clicked,Samsung,30.210995,A8000,IN,Punjab,BSNL
PDP_EVENTS,Samsung,78.133957,Karera,Buy Clicked,My Phone,25.454794,Redmi Note3,IN,Madhya Pradesh,Jio 4G
Cart Item Screen,Motorola,74.255989,Dahod,None,Samsung,22.835602,Redmi Note3,IN,Gujarat,Idea
CART_EVENTS,Motorola,83.185654,Azamgarh,Place Order Clicked,Samsung,26.072067,A7000,IN,Uttar Pradesh,Airtel
Cart Review Order Screen,Samsung,87.265388,Forbesganj,None,Mummy Phone,26.298552,A8000,IN,Bihar,Jio 4G
CART_EVENTS,Google Pixel,86.302193,Giridih,PAY,I Phone,24.184713,Redmi Note3,IN,Jharkhand,BSNL
PAYMENT_STATUS,Redmi Note 3,73.517792,Chiplun,None,Motorola,17.53231,Redmi Note3,IN,Maharashtra,BSNL
revenue_amount,Google Pixel,79.581184,Chhatarpur,None,I Phone,24.916355,Iphon3,IN,Madhya Pradesh,BSNL
revenue_amount,Samsung,85.625511,Chakradharpur,None,Samsung,22.668312,Redmi Note3,IN,Jharkhand,Idea
CHARGED,Motorola,72.743675,Dahanu,None,Mummy Phone,19.990751,A8000,IN,Maharashtra,Idea
Buy_Complete,Samsung,82.0979,Mahasamund,None,Mummy Phone,21.109133,Redmi Note3,IN,Chhattisgarh,BSNL
Action Bar,Redmi Note 3,88.262672,Darjeeling,None,Mummy Phone,27.036007,A8000,IN,West Bengal,Airtel
New Navigation Bar,,85.625511,Chakradharpur,None,Samsung,22.668312,A8000,IN,Jharkhand,Airtel
My Order Cancel,Motorola,85.309563,Ranchi,None,I Phone,23.344101,Redmi Note3,IN,Jharkhand,Idea
ORDER_CANCEL,Google Pixel,84.011787,Sasaram,None,Motorola,24.953514,Redmi Note3,IN,Bihar,Jio 4G
My Order Cancel,,76.201195,Kotputli,None,I Phone,27.703669,A8000,IN,Rajasthan,BSNL
ORDER_CANCEL,,78.662567,Etah,None,Samsung,27.55875,Iphon3,IN,Uttar Pradesh,Idea
My Order Cancel,Redmi Note 3,77.507561,Muradnagar,None,Samsung,28.771646,Redmi Note3,IN,Uttar Pradesh,Jio 4G
ORDER_CANCEL,Google Pixel,84.869804,Bihta,None,Motorola,25.563322,Iphon3,IN,Bihar,Jio 4G
Action Bar,,85.309563,Ranchi,None,My Phone,23.344101,Redmi Note3,IN,Jharkhand,Jio 4G
New Navigation Bar,Redmi Note 3,79.700722,Sitarganj,None,Mummy Phone,28.923548,A7000,IN,Uttarakhand,Idea
Action Bar,Samsung,77.873886,Sankari,None,My Phone,11.477696,A7000,IN,Tamil Nadu,BSNL
Search,Google Pixel,75.025505,Sirsa,None,I Phone,29.536535,Redmi Note3,IN,Haryana,Airtel
Action Bar,,76.566132,Khamgaon,None,Motorola,20.711622,A7000,IN,Maharashtra,Idea
Session-Started,Redmi Note 3,72.369949,Mehsana,None,Mummy Phone,23.586761,A8000,IN,Gujarat,BSNL
Clicks to PDP,Motorola,72.998199,Bharuch,None,Mummy Phone,21.705723,Redmi Note3,IN,Gujarat,BSNL
Session-Started,,77.345184,Kadayanallur,None,Samsung,9.077854,A7000,IN,Tamil Nadu,BSNL
Clicks to PDP,Motorola,82.56443,Mirzapur,None,Motorola,25.133699,Redmi Note3,IN,Uttar Pradesh,Idea
Session-Started,Google Pixel,71.222084,Amreli,None,My Phone,21.603176,Redmi Note3,IN,Gujarat,Jio 4G
Action Bar,,75.399506,Jhunjhunu,None,Samsung,28.128876,A8000,IN,Rajasthan,Airtel
Search,Redmi Note 3,87.744629,Contai,None,Motorola,21.779188,A7000,IN,West Bengal,BSNL
PDP_EVENTS,,73.87719,Sri Ganganagar,Photo Clicked,Motorola,29.903839,A8000,IN,Rajasthan,Idea
PRODUCT_VIEWED,Samsung,78.621887,Vaniyambadi,None,My Phone,12.695032,A8000,IN,Tamil Nadu,Jio 4G
PDP_EVENTS,Redmi Note 3,74.68,Nimbahera,Photo Clicked,Mummy Phone,24.620001,Redmi Note3,IN,Rajasthan,Airtel
PDP_EVENTS,Motorola,78.584602,Shikohabad,Buy Clicked,I Phone,27.108416,Iphon3,IN,Uttar Pradesh,BSNL
Cart Item Screen,,78.584602,Shikohabad,None,Samsung,27.108416,A8000,IN,Uttar Pradesh,Airtel
CART_EVENTS,,79.623924,Suryapet,Payment Type Selected,Motorola,17.143908,Redmi Note3,IN,Telangana,BSNL
CART_EVENTS,Motorola,86.302193,Giridih,Place Order Clicked,Samsung,24.184713,Redmi Note3,IN,Jharkhand,Airtel
Cart Review Order Screen,Motorola,74.095993,Dhanpur,None,I Phone,22.633492,Iphon3,IN,Gujarat,BSNL
CART_EVENTS,Google Pixel,78.584602,Shikohabad,Place Order Clicked,Mummy Phone,27.108416,A7000,IN,Uttar Pradesh,Idea
Cart Payment Screen,Motorola,79.558296,Hanamkonda,None,Mummy Phone,18.007202,Redmi Note3,IN,Telangana,BSNL
CART_EVENTS,Redmi Note 3,69.605965,Porbandar,Place Order Clicked,Mummy Phone,21.640575,Redmi Note3,IN,Gujarat,Idea
CART_EVENTS,Motorola,81.526558,Tadepalligudem,PAY,My Phone,16.814524,A8000,IN,Andhra Pradesh,Jio 4G
PAYMENT_STATUS,Samsung,76.1175,Rahon,None,Samsung,31.052128,A8000,IN,Punjab,BSNL
JUST_PAY_PAYMENT_STATUS,,76.566132,Khamgaon,None,Motorola,20.711622,Iphon3,IN,Maharashtra,Idea
JUST_PAY_PAYMENT_STATUS,Redmi Note 3,79.581184,Chhatarpur,None,Mummy Phone,24.916355,A8000,IN,Madhya Pradesh,BSNL
revenue_amount,,82.73484,Korba,None,My Phone,22.363848,Redmi Note3,IN,Chhattisgarh,Airtel
CHARGED,,86.920731,Banka,None,I Phone,24.885483,Iphon3,IN,Bihar,BSNL
JUST_PAY_PAYMENT_STATUS,Redmi Note 3,79.804459,Bisalpur,None,I Phone,28.293783,A8000,IN,Uttar Pradesh,Idea
JUST_PAY_PAYMENT_STATUS,,79.804459,Bisalpur,None,Mummy Phone,28.293783,Iphon3,IN,Uttar Pradesh,Idea
JUST_PAY_PAYMENT_STATUS,,79.959244,Sriperumbudur,None,My Phone,12.946366,Redmi Note3,IN,Tamil Nadu,Idea
JUST_PAY_PAYMENT_STATUS,Redmi Note 3,77.696732,Muzaffarnagar,None,Mummy Phone,29.471397,A7000,IN,Uttar Pradesh,BSNL
Session-Started,Motorola,78.39576,Firozabad,None,I Phone,27.159101,A8000,IN,Uttar Pradesh,Idea
TINDER_EVENTS,Samsung,73.84404,Vasco da Gama,Product Clicked,Samsung,15.386033,A7000,IN,Goa,Idea
PDP_EVENTS,Google Pixel,75.399506,Jhunjhunu,Photo Clicked,Samsung,28.128876,Iphon3,IN,Rajasthan,BSNL
PRODUCT_VIEWED,Google Pixel,78.39576,Firozabad,None,Samsung,27.159101,A7000,IN,Uttar Pradesh,BSNL
PDP_EVENTS,,80.117729,Thandalam,Buy Clicked,Samsung,12.999464,Iphon3,IN,Tamil Nadu,Idea
Cart Item Screen,Redmi Note 3,78.621887,Vaniyambadi,None,I Phone,12.695032,Iphon3,IN,Tamil Nadu,Idea
CART_EVENTS,Google Pixel,84.540833,Gumla,Place Order Clicked,I Phone,23.041924,A7000,IN,Jharkhand,Airtel
Cart Review Order Screen,,85.781029,Samastipur,None,My Phone,25.862968,Redmi Note3,IN,Biha,Idea
CART_EVENTS,Samsung,72.911453,Vapi,PAY,My Phone,20.385181,A8000,IN,Gujarat,BSNL
PAYMENT_STATUS,Motorola,86.302193,Giridih,None,I Phone,24.184713,A7000,IN,Jharkhand,BSNL
revenue_amount,Redmi Note 3,80.224998,Chennai,None,Mummy Phone,13.090994,Redmi Note3,IN,Tamil Nadu,Airtel
CHARGED,,82.0979,Mahasamund,None,Motorola,21.109133,A8000,IN,Chhattisgarh,Idea
Buy_Complete,Google Pixel,78.621887,Vaniyambadi,None,I Phone,12.695032,A8000,IN,Tamil Nadu,Jio 4G
Action Bar,,88.319069,Mirpur,None,Mummy Phone,22.700474,A8000,IN,West Bengal,Jio 4G
New Navigation Bar,Motorola,88.319069,Mirpur,None,I Phone,22.700474,Redmi Note3,IN,West Bengal,Airtel
My Order Cancel,Google Pixel,88.262672,Darjeeling,None,Mummy Phone,27.036007,A8000,IN,West Bengal,Airtel
ORDER_CANCEL,Google Pixel,77.986565,Tirumangalam,None,Samsung,9.823619,A8000,IN,Tamil Nadu,Jio 4G
My Order Cancel,,85.309563,Ranchi,None,Motorola,23.344101,Iphon3,IN,Jharkhand,Idea
ORDER_CANCEL,Redmi Note 3,84.989555,Jahanabad,None,Motorola,25.213928,Iphon3,IN,Bihar,Jio 4G
TINDER_EVENTS,Redmi Note 3,74.518204,Sri Muktsar Sahib,Product Clicked,My Phone,30.480042,Redmi Note3,IN,Punjab,Jio 4G
PDP_EVENTS,Samsung,78.662567,Etah,Photo Clicked,Samsung,27.55875,Iphon3,IN,Uttar Pradesh,BSNL
PRODUCT_VIEWED,Motorola,86.952393,Asansol,None,I Phone,23.673944,A8000,IN,West Bengal,Jio 4G
PDP_EVENTS,,77.634087,Srivilliputhur,Buy Clicked,My Phone,9.512137,A7000,IN,Tamil Nadu,Jio 4G
Cart Item Screen,,79.804459,Bisalpur,None,Samsung,28.293783,Redmi Note3,IN,Uttar Pradesh,Airtel
PDP_EVENTS,Motorola,78.342674,Najibabad,Photo Clicked,Motorola,29.607981,A8000,IN,Uttar Pradesh,Jio 4G
PRODUCT_VIEWED,Samsung,91.975243,Kalaigaon,None,Samsung,26.57448,A8000,IN,Assam,BSNL
PDP_EVENTS,,77.848434,Bulandshahar,Photo Clicked,Mummy Phone,28.411331,Iphon3,IN,Uttar Pradesh,BSNL
PDP_EVENTS,,77.970657,Dindigul,Buy Clicked,My Phone,10.365581,A8000,IN,Tamil Nadu,Airtel
Cart Item Screen,Samsung,86.920731,Banka,None,My Phone,24.885483,A8000,IN,Bihar,BSNL
CART_EVENTS,Motorola,78.498894,Secunderabad,Place Order Clicked,I Phone,17.440325,A8000,IN,Telangana,Idea
Cart Review Order Screen,Google Pixel,76.1175,Rahon,None,Samsung,31.052128,A8000,IN,Punjab,Jio 4G
CART_EVENTS,,90.535233,Bongaigaon,PAY,Mummy Phone,26.500999,A8000,IN,Assam,BSNL
PAYMENT_STATUS,Motorola,85.309563,Ranchi,None,I Phone,23.344101,A8000,IN,Jharkhand,Jio 4G
revenue_amount,Motorola,81.526558,Tadepalligudem,None,Samsung,16.814524,A8000,IN,Andhra Pradesh,BSNL
revenue_amount,Samsung,76.926674,Mahwa,None,Motorola,27.047163,A8000,IN,Rajasthan,Jio 4G
CHARGED,Motorola,77.848434,Bulandshahar,None,Samsung,28.411331,Redmi Note3,IN,Uttar Pradesh,Jio 4G
Buy_Complete,Samsung,78.584602,Shikohabad,None,Motorola,27.108416,A7000,IN,Uttar Pradesh,Jio 4G
Action Bar,Samsung,87.745796,Contai,None,Mummy Phone,21.778749,A7000,IN,West Bengal,Idea
New Navigation Bar,Google Pixel,73.87719,Sri Ganganagar,None,Motorola,29.903839,Redmi Note3,IN,Rajasthan,BSNL
My Order Cancel,Google Pixel,77.634087,Srivilliputhur,None,Mummy Phone,9.512137,A8000,IN,Tamil Nadu,Airtel
ORDER_CANCEL,Motorola,79.700722,Sitarganj,None,My Phone,28.923548,A7000,IN,Uttarakhand,Jio 4G
My Order Cancel,,78.912872,Jagtial,None,I Phone,18.794905,Redmi Note3,IN,Telangana,Jio 4G
ORDER_CANCEL,Redmi Note 3,78.498894,Secunderabad,None,Mummy Phone,17.440325,A8000,IN,Telangana,Idea
My Order Cancel,Google Pixel,88.262672,Darjeeling,None,Motorola,27.036007,A8000,IN,West Bengal,Airtel
ORDER_CANCEL,Redmi Note 3,72.911453,Vapi,None,Mummy Phone,20.385181,A8000,IN,Gujarat,Airtel
Action Bar,Google Pixel,76.522171,Kottayam,None,Motorola,9.591441,A7000,IN,Kerala,Idea
New Navigation Bar,,79.416924,Gingee,None,I Phone,12.252576,Iphon3,IN,Tamil Nadu,Airtel
Action Bar,Redmi Note 3,88.365593,Nabadwip,None,Samsung,23.406979,A8000,IN,West Bengal,Airtel
Search,Samsung,76.334824,Dausa,None,Motorola,26.894478,A8000,IN,Rajasthan,Jio 4G
Action Bar,Redmi Note 3,82.56443,Mirzapur,None,I Phone,25.133699,A7000,IN,Uttar Pradesh,Idea
Session-Started,,88.318954,Kolkata,None,Mummy Phone,22.542061,Redmi Note3,IN,West Bengal,BSNL
Clicks to PDP,,76.35257,Khandwa,None,I Phone,21.825733,Iphon3,IN,Madhya Pradesh,Idea
Session-Started,Motorola,80.809998,Fatehpur,None,Motorola,25.920074,Redmi Note3,IN,Uttar Pradesh,BSNL
Clicks to PDP,Google Pixel,74.928162,Newasa,None,Samsung,19.551146,A8000,IN,Maharashtra,Airtel
Session-Started,Redmi Note 3,73.899399,Suratgarh,None,I Phone,29.320511,Iphon3,IN,Rajasthan,Idea
Action Bar,,77.345184,Kadayanallur,None,Motorola,9.077854,Redmi Note3,IN,Tamil Nadu,Airtel
Search,,80.224998,Chennai,None,Samsung,13.090994,Iphon3,IN,Tamil Nadu,BSNL
PDP_EVENTS,,72.743675,Dahanu,Photo Clicked,Mummy Phone,19.990751,A7000,IN,Maharashtra,BSNL
PRODUCT_VIEWED,Google Pixel,76.894684,Mandya,None,Samsung,12.523731,A7000,IN,Karnataka,BSNL
PDP_EVENTS,Samsung,82.568031,Bhadohi,Photo Clicked,Mummy Phone,25.38727,A8000,IN,Uttar Pradesh,BSNL
PDP_EVENTS,Google Pixel,88.546867,Payradanga,Buy Clicked,Samsung,23.125587,A8000,IN,West Bengal,Airtel
Cart Item Screen,Motorola,74.255989,Dahod,None,Samsung,22.835602,Redmi Note3,IN,Gujarat,Jio 4G
CART_EVENTS,,82.56443,Mirzapur,Payment Type Selected,Mummy Phone,25.133699,A8000,IN,Uttar Pradesh,Jio 4G
CART_EVENTS,Samsung,87.231972,Kharagpur,Place Order Clicked,My Phone,22.34601,Redmi Note3,IN,West Bengal,BSNL
Cart Review Order Screen,Motorola,74.966583,Churu,None,Motorola,28.29229,A7000,IN,Rajasthan,BSNL
CART_EVENTS,Samsung,81.188324,Barabanki,Place Order Clicked,I Phone,26.937834,Redmi Note3,IN,Uttar Pradesh,BSNL
Cart Payment Screen,Google Pixel,78.584602,Shikohabad,None,My Phone,27.108416,Redmi Note3,IN,Uttar Pradesh,BSNL
CART_EVENTS,Samsung,80.809998,Fatehpur,Place Order Clicked,Mummy Phone,25.920074,Iphon3,IN,Uttar Pradesh,Airtel
CART_EVENTS,Redmi Note 3,78.584602,Shikohabad,PAY,My Phone,27.108416,A8000,IN,Uttar Pradesh,Airtel
PAYMENT_STATUS,,80.809998,Fatehpur,None,Samsung,25.920074,A8000,IN,Uttar Pradesh,Jio 4G
JUST_PAY_PAYMENT_STATUS,Samsung,76.57403,Mehkar,None,Mummy Phone,20.149822,A8000,IN,Maharashtra,BSNL
JUST_PAY_PAYMENT_STATUS,,77.970657,Dindigul,None,Motorola,10.365581,Redmi Note3,IN,Tamil Nadu,Idea
revenue_amount,Redmi Note 3,77.986565,Tirumangalam,None,I Phone,9.823619,A8000,IN,Tamil Nadu,Idea
CHARGED,,76.144012,Garhshankar,None,I Phone,31.213682,A7000,IN,Punjab,Idea
JUST_PAY_PAYMENT_STATUS,Samsung,85.625511,Chakradharpur,None,Motorola,22.668312,Redmi Note3,IN,Jharkhand,BSNL
JUST_PAY_PAYMENT_STATUS,Google Pixel,74.742142,Udupi,None,Mummy Phone,13.340881,A8000,IN,Karnataka,Idea
JUST_PAY_PAYMENT_STATUS,Samsung,78.483093,Nandyal,None,Mummy Phone,15.478569,Iphon3,IN,Andhra Pradesh,Idea
JUST_PAY_PAYMENT_STATUS,Google Pixel,81.033707,Rajnandgaon,None,My Phone,21.097855,A8000,IN,Chhattisgarh,Jio 4G
Session-Started,Google Pixel,87.265388,Forbesganj,None,Samsung,26.298552,Iphon3,IN,Bihar,Airtel
TINDER_EVENTS,Google Pixel,77.986565,Tirumangalam,Product Clicked,I Phone,9.823619,Redmi Note3,IN,Tamil Nadu,BSNL
PDP_EVENTS,Google Pixel,78.08181,Sangareddy,Photo Clicked,My Phone,17.611629,A7000,IN,Telangana,Airtel
PRODUCT_VIEWED,,74.742142,Udupi,None,Samsung,13.340881,A8000,IN,Karnataka,Jio 4G
PDP_EVENTS,Motorola,88.365593,Nabadwip,Buy Clicked,My Phone,23.406979,Redmi Note3,IN,West Bengal,Idea
Cart Item Screen,Redmi Note 3,81.356804,Shahdol,None,Motorola,23.302189,A7000,IN,Madhya Pradesh,Airtel
CART_EVENTS,Google Pixel,77.893394,Dholpur,Place Order Clicked,Motorola,26.702518,A8000,IN,Rajasthan,Idea
Cart Review Order Screen,Samsung,75.010284,Dharwad,None,Mummy Phone,15.460252,A7000,IN,Karnataka,Idea
CART_EVENTS,Motorola,74.518204,Sri Muktsar Sahib,PAY,My Phone,30.480042,A8000,IN,Punjab,Idea
PAYMENT_STATUS,Motorola,77.873886,Sankari,None,My Phone,11.477696,A8000,IN,Tamil Nadu,Airtel
revenue_amount,Redmi Note 3,72.657074,Mansa,None,Samsung,23.426788,A7000,IN,Gujarat,BSNL
CHARGED,Motorola,88.86718,Basirhat,None,I Phone,22.657402,Iphon3,IN,West Bengal,Idea
Buy_Complete,,76.566132,Khamgaon,None,Motorola,20.711622,A7000,IN,Maharashtra,BSNL
Action Bar,Redmi Note 3,78.912872,Jagtial,None,Motorola,18.794905,A7000,IN,Telangana,Jio 4G
New Navigation Bar,,75.563942,Jalgaon,None,Motorola,21.004194,A7000,IN,Maharashtra,Airtel
My Order Cancel,,86.474373,Munger,None,Samsung,25.37571,Redmi Note3,IN,Bihar,Jio 4G
ORDER_CANCEL,Samsung,81.775307,Naya Raipur,None,Motorola,21.164993,Iphon3,IN,Chhattisgarh,Idea
My Order Cancel,Google Pixel,78.662567,Etah,None,Mummy Phone,27.55875,Iphon3,IN,Uttar Pradesh,Jio 4G
ORDER_CANCEL,Samsung,78.100014,Aruppukkottai,None,My Phone,9.515625,A7000,IN,Tamil Nadu,Airtel
TINDER_EVENTS,Motorola,73.84404,Vasco da Gama,Product Clicked,Mummy Phone,15.386033,Redmi Note3,IN,Goa,Airtel
PDP_EVENTS,Motorola,86.302193,Giridih,Photo Clicked,Samsung,24.184713,Iphon3,IN,Jharkhand,BSNL
PRODUCT_VIEWED,Motorola,81.033707,Rajnandgaon,None,Mummy Phone,21.097855,A8000,IN,Chhattisgarh,Airtel
PDP_EVENTS,,74.255989,Dahod,Buy Clicked,My Phone,22.835602,Iphon3,IN,Gujarat,Airtel
Cart Item Screen,,77.312935,Tenkasi,None,Motorola,8.959021,Iphon3,IN,Tamil Nadu,Jio 4G
PDP_EVENTS,Google Pixel,69.605965,Porbandar,Photo Clicked,Motorola,21.640575,Redmi Note3,IN,Gujarat,BSNL
PRODUCT_VIEWED,Redmi Note 3,79.558296,Hanamkonda,None,Mummy Phone,18.007202,Redmi Note3,IN,Telangana,Airtel
PDP_EVENTS,Samsung,84.540833,Gumla,Photo Clicked,Samsung,23.041924,A8000,IN,Jharkhand,Jio 4G
PDP_EVENTS,Samsung,77.893394,Dholpur,Buy Clicked,Mummy Phone,26.702518,Iphon3,IN,Rajasthan,Airtel
Cart Item Screen,Google Pixel,80.466644,Gola Gokrannath Kheri,None,Motorola,28.080379,Redmi Note3,IN,Uttar Pradesh,BSNL
CART_EVENTS,Google Pixel,83.185654,Azamgarh,Place Order Clicked,I Phone,26.072067,Iphon3,IN,Uttar Pradesh,Airtel
Cart Review Order Screen,Motorola,78.08181,Sangareddy,None,My Phone,17.611629,A8000,IN,Telangana,Jio 4G
CART_EVENTS,Redmi Note 3,76.522171,Kottayam,PAY,Samsung,9.591441,Iphon3,IN,Kerala,Jio 4G
PAYMENT_STATUS,Motorola,88.125587,Raiganj,None,I Phone,25.61853,A7000,IN,West Bengal,Jio 4G
revenue_amount,Samsung,76.57403,Mehkar,None,Samsung,20.149822,Iphon3,IN,Maharashtra,Jio 4G
revenue_amount,Motorola,84.79409,Brahmapur,None,Motorola,19.314962,A7000,IN,Odisha,BSNL
CHARGED,Samsung,78.133957,Karera,None,Samsung,25.454794,Iphon3,IN,Madhya Pradesh,Idea
Buy_Complete,Motorola,76.102898,Hassan,None,Motorola,13.009711,A8000,IN,Karnataka,Idea
Action Bar,Redmi Note 3,84.072235,Bagaha,None,Samsung,27.122196,A7000,IN,Bihar,Idea
New Navigation Bar,,76.334824,Dausa,None,Mummy Phone,26.894478,A7000,IN,Rajasthan,Airtel
My Order Cancel,Google Pixel,77.849831,Bulandshahr,None,Motorola,28.406963,A8000,IN,Uttar Pradesh,Jio 4G
ORDER_CANCEL,Motorola,86.952393,Asansol,None,Motorola,23.673944,Iphon3,IN,West Bengal,Airtel
My Order Cancel,,77.696732,Muzaffarnagar,None,Mummy Phone,29.471397,Redmi Note3,IN,Uttar Pradesh,Jio 4G
ORDER_CANCEL,Motorola,75.063873,Amalner,None,I Phone,21.04241,A7000,IN,Maharashtra,Airtel
My Order Cancel,Google Pixel,76.566132,Khamgaon,None,My Phone,20.711622,Redmi Note3,IN,Maharashtra,BSNL
ORDER_CANCEL,Redmi Note 3,86.092987,Lakhisarai,None,My Phone,25.168901,Redmi Note3,IN,Bihar,BSNL
Action Bar,,91.975243,Kalaigaon,None,I Phone,26.57448,Iphon3,IN,Assam,Jio 4G
New Navigation Bar,,74.518204,Sri Muktsar Sahib,None,Mummy Phone,30.480042,A7000,IN,Punjab,Airtel
Action Bar,Redmi Note 3,86.129379,Begusarai,None,Samsung,25.416676,A8000,IN,Bihar,Airtel
Search,Google Pixel,78.584602,Shikohabad,None,Motorola,27.108416,Iphon3,IN,Uttar Pradesh,Airtel
Action Bar,Google Pixel,75.063873,Amalner,None,Mummy Phone,21.04241,A7000,IN,Maharashtra,Airtel
Session-Started,Motorola,75.563942,Jalgaon,None,Samsung,21.004194,Iphon3,IN,Maharashtra,Airtel
Clicks to PDP,,88.318954,Kolkata,None,Mummy Phone,22.542061,Redmi Note3,IN,West Bengal,Idea
Session-Started,Redmi Note 3,78.133957,Karera,None,Motorola,25.454794,A7000,IN,Madhya Pradesh,BSNL
Clicks to PDP,Google Pixel,79.512459,Haldwani,None,Mummy Phone,29.219677,A8000,IN,Uttarakhand,Jio 4G
Session-Started,Redmi Note 3,81.188324,Barabanki,None,Motorola,26.937834,A7000,IN,Uttar Pradesh,Idea
Action Bar,Samsung,77.849831,Bulandshahr,None,I Phone,28.406963,Redmi Note3,IN,Uttar Pradesh,Idea
Search,Google Pixel,77.65799,Shivpuri,None,Samsung,25.42412,A7000,IN,Madhya Pradesh,Airtel
PDP_EVENTS,,86.302193,Giridih,Photo Clicked,Mummy Phone,24.184713,Iphon3,IN,Jharkhand,Idea
PRODUCT_VIEWED,Redmi Note 3,75.778923,Jamner,None,Mummy Phone,20.809378,A7000,IN,Maharashtra,Jio 4G
PDP_EVENTS,Google Pixel,78.08181,Sangareddy,Photo Clicked,My Phone,17.611629,A7000,IN,Telangana,Airtel
PDP_EVENTS,Redmi Note 3,81.526558,Tadepalligudem,Buy Clicked,Samsung,16.814524,A7000,IN,Andhra Pradesh,BSNL
Cart Item Screen,Google Pixel,77.113144,Udgir,None,Mummy Phone,18.3934,A8000,IN,Maharashtra,Jio 4G
CART_EVENTS,,86.302193,Giridih,Payment Type Selected,My Phone,24.184713,Redmi Note3,IN,Jharkhand,Idea
CART_EVENTS,Samsung,75.563942,Jalgaon,Place Order Clicked,Motorola,21.004194,Redmi Note3,IN,Maharashtra,Airtel
Cart Review Order Screen,Samsung,79.558296,Hanamkonda,None,Motorola,18.007202,A8000,IN,Telangana,Idea
CART_EVENTS,Google Pixel,88.125587,Raiganj,Place Order Clicked,Motorola,25.61853,Redmi Note3,IN,West Bengal,Idea
Cart Payment Screen,Samsung,91.975243,Kalaigaon,None,Mummy Phone,26.57448,Redmi Note3,IN,Assam,Jio 4G
CART_EVENTS,Samsung,84.011787,Sasaram,Place Order Clicked,I Phone,24.953514,Iphon3,IN,Bihar,Airtel
CART_EVENTS,Redmi Note 3,87.265388,Forbesganj,PAY,I Phone,26.298552,Redmi Note3,IN,Bihar,Idea
PAYMENT_STATUS,Motorola,85.781029,Samastipur,None,Samsung,25.862968,Redmi Note3,IN,Biha,Airtel
JUST_PAY_PAYMENT_STATUS,Redmi Note 3,79.512459,Haldwani,None,Mummy Phone,29.219677,A8000,IN,Uttarakhand,Jio 4G
JUST_PAY_PAYMENT_STATUS,,75.151535,Kekri,None,Samsung,25.973787,Redmi Note3,IN,Rajasthan,Airtel
revenue_amount,,70.627625,Jetpur,None,Samsung,21.761524,Iphon3,IN,Gujarat,Idea
CHARGED,Google Pixel,76.1175,Rahon,None,Motorola,31.052128,A8000,IN,Punjab,Jio 4G
JUST_PAY_PAYMENT_STATUS,Motorola,77.849831,Bulandshahr,None,I Phone,28.406963,A8000,IN,Uttar Pradesh,Airtel
JUST_PAY_PAYMENT_STATUS,Google Pixel,87.231972,Kharagpur,None,Motorola,22.34601,A7000,IN,West Bengal,BSNL
JUST_PAY_PAYMENT_STATUS,Samsung,78.342674,Najibabad,None,Samsung,29.607981,A7000,IN,Uttar Pradesh,Idea
JUST_PAY_PAYMENT_STATUS,Samsung,79.512459,Haldwani,None,Mummy Phone,29.219677,A7000,IN,Uttarakhand,Airtel
Session-Started,Google Pixel,87.265388,Forbesganj,None,My Phone,26.298552,Iphon3,IN,Bihar,BSNL
TINDER_EVENTS,Google Pixel,86.920731,Banka,Product Clicked,I Phone,24.885483,A7000,IN,Bihar,Idea
PDP_EVENTS,Google Pixel,74.255989,Dahod,Photo Clicked,I Phone,22.835602,Redmi Note3,IN,Gujarat,BSNL
PRODUCT_VIEWED,,75.399506,Jhunjhunu,None,My Phone,28.128876,A8000,IN,Rajasthan,Jio 4G
PDP_EVENTS,Motorola,77.594566,Bengaluru,Buy Clicked,Mummy Phone,12.971599,A7000,IN,Karnataka,Idea
Cart Item Screen,Redmi Note 3,88.546867,Payradanga,None,Mummy Phone,23.125587,A7000,IN,West Bengal,BSNL
CART_EVENTS,Samsung,75.063873,Amalner,Place Order Clicked,Samsung,21.04241,Redmi Note3,IN,Maharashtra,Airtel
Cart Review Order Screen,Google Pixel,84.79409,Brahmapur,None,Mummy Phone,19.314962,A7000,IN,Odisha,Idea
CART_EVENTS,Motorola,69.605965,Porbandar,PAY,My Phone,21.640575,A7000,IN,Gujarat,BSNL
PAYMENT_STATUS,Redmi Note 3,77.113144,Udgir,None,I Phone,18.3934,A8000,IN,Maharashtra,Jio 4G
revenue_amount,,77.634087,Srivilliputhur,None,Samsung,9.512137,Redmi Note3,IN,Tamil Nadu,Airtel
CHARGED,Redmi Note 3,75.151535,Kekri,None,My Phone,25.973787,A7000,IN,Rajasthan,Airtel
Buy_Complete,,80.117729,Thandalam,None,My Phone,12.999464,Iphon3,IN,Tamil Nadu,BSNL
Action Bar,,78.483093,Nandyal,None,Samsung,15.478569,A7000,IN,Andhra Pradesh,Idea
New Navigation Bar,Motorola,81.033707,Rajnandgaon,None,Motorola,21.097855,Redmi Note3,IN,Chhattisgarh,Airtel
My Order Cancel,Motorola,76.566132,Khamgaon,None,My Phone,20.711622,A7000,IN,Maharashtra,Airtel
ORDER_CANCEL,Redmi Note 3,75.399506,Jhunjhunu,None,I Phone,28.128876,A8000,IN,Rajasthan,BSNL
My Order Cancel,Motorola,74.742142,Udupi,None,I Phone,13.340881,A8000,IN,Karnataka,Airtel
ORDER_CANCEL,Redmi Note 3,75.037636,Ratlam,None,Mummy Phone,23.334169,A8000,IN,Madhya Pradesh,BSNL
TINDER_EVENTS,Google Pixel,87.746803,Ghatal,Product Clicked,I Phone,22.663696,Iphon3,IN,West Bengal,Jio 4G
PDP_EVENTS,Redmi Note 3,77.113144,Udgir,Photo Clicked,Motorola,18.3934,Redmi Note3,IN,Maharashtra,Jio 4G
PRODUCT_VIEWED,Motorola,84.072235,Bagaha,None,I Phone,27.122196,Iphon3,IN,Bihar,BSNL
PDP_EVENTS,Motorola,79.804459,Bisalpur,Buy Clicked,Samsung,28.293783,A8000,IN,Uttar Pradesh,Idea
Cart Item Screen,Redmi Note 3,77.696732,Muzaffarnagar,None,I Phone,29.471397,A8000,IN,Uttar Pradesh,Idea
PDP_EVENTS,Motorola,76.16098,Jhalawar,Photo Clicked,Motorola,24.597349,Redmi Note3,IN,Rajasthan,Idea
PRODUCT_VIEWED,Samsung,79.558296,Hanamkonda,None,My Phone,18.007202,Iphon3,IN,Telangana,Airtel
PDP_EVENTS,Motorola,83.068352,Robertsganj,Photo Clicked,Motorola,24.685001,A7000,IN,Uttar Pradesh,Jio 4G
PDP_EVENTS,Samsung,78.342674,Najibabad,Buy Clicked,My Phone,29.607981,Iphon3,IN,Uttar Pradesh,Jio 4G
Cart Item Screen,Motorola,79.850388,Gudur,None,I Phone,14.146319,A8000,IN,Andhra Pradesh,Jio 4G
CART_EVENTS,Samsung,79.872665,Mahoba,Place Order Clicked,I Phone,25.292509,Iphon3,IN,Uttar Pradesh,Airtel
Cart Review Order Screen,Google Pixel,79.325157,Virudhachalam,None,Samsung,11.519588,Iphon3,IN,Tamil Nadu,Idea
CART_EVENTS,Motorola,76.102898,Hassan,PAY,My Phone,13.009711,Iphon3,IN,Karnataka,BSNL
PAYMENT_STATUS,Google Pixel,80.117729,Thandalam,None,Samsung,12.999464,Iphon3,IN,Tamil Nadu,Airtel
revenue_amount,Motorola,87.482185,Purnea,None,My Phone,25.771103,Iphon3,IN,Bihar,Jio 4G
revenue_amount,Samsung,84.79409,Brahmapur,None,Samsung,19.314962,Redmi Note3,IN,Odisha,Jio 4G
CHARGED,Motorola,82.568031,Bhadohi,None,Motorola,25.38727,A7000,IN,Uttar Pradesh,Airtel
Buy_Complete,Samsung,76.201195,Kotputli,None,Samsung,27.703669,Redmi Note3,IN,Rajasthan,Airtel
Action Bar,Samsung,86.920731,Banka,None,I Phone,24.885483,Redmi Note3,IN,Bihar,Jio 4G
New Navigation Bar,Motorola,81.300003,Unchahar,None,Mummy Phone,25.9,Iphon3,IN,Uttar Pradesh,Airtel
My Order Cancel,Redmi Note 3,72.743675,Dahanu,None,Samsung,19.990751,Iphon3,IN,Maharashtra,Airtel
ORDER_CANCEL,,76.926674,Mahwa,None,I Phone,27.047163,A8000,IN,Rajasthan,BSNL
My Order Cancel,Motorola,82.0979,Mahasamund,None,Mummy Phone,21.109133,Redmi Note3,IN,Chhattisgarh,Idea
ORDER_CANCEL,,91.975243,Kalaigaon,None,My Phone,26.57448,Redmi Note3,IN,Assam,BSNL
My Order Cancel,Redmi Note 3,79.623924,Suryapet,None,Samsung,17.143908,A8000,IN,Telangana,Jio 4G
ORDER_CANCEL,Google Pixel,87.265388,Forbesganj,None,Samsung,26.298552,A7000,IN,Bihar,BSNL
Action Bar,,75.025505,Sirsa,None,Samsung,29.536535,Redmi Note3,IN,Haryana,Idea
New Navigation Bar,Google Pixel,86.302193,Giridih,None,Motorola,24.184713,A8000,IN,Jharkhand,Airtel
Action Bar,,76.35257,Khandwa,None,Motorola,21.825733,Iphon3,IN,Madhya Pradesh,Jio 4G
Search,Motorola,69.605965,Porbandar,None,Motorola,21.640575,A7000,IN,Gujarat,Idea
Action Bar,Samsung,71.668427,Botad,None,My Phone,22.170424,Iphon3,IN,Gujarat,BSNL
Session-Started,Google Pixel,79.959244,Sriperumbudur,None,Motorola,12.946366,Iphon3,IN,Tamil Nadu,Idea
Clicks to PDP,Samsung,76.102898,Hassan,None,Mummy Phone,13.009711,Iphon3,IN,Karnataka,Jio 4G
Session-Started,Motorola,90.535233,Bongaigaon,None,My Phone,26.500999,A7000,IN,Assam,Idea
Clicks to PDP,Google Pixel,77.312935,Tenkasi,None,Samsung,8.959021,A7000,IN,Tamil Nadu,BSNL
Session-Started,Samsung,72.657074,Mansa,None,Mummy Phone,23.426788,A7000,IN,Gujarat,Idea
Action Bar,Google Pixel,73.517792,Chiplun,None,My Phone,17.53231,Redmi Note3,IN,Maharashtra,BSNL
Search,Motorola,78.841141,Hinganghat,None,Samsung,20.550573,Redmi Note3,IN,Maharashtra,BSNL
PDP_EVENTS,Samsung,86.151115,Bokaro Steel City,Photo Clicked,Mummy Phone,23.669296,Redmi Note3,IN,Jharkhand,Idea
PRODUCT_VIEWED,Redmi Note 3,72.743675,Dahanu,None,Samsung,19.990751,Redmi Note3,IN,Maharashtra,Airtel
PDP_EVENTS,,86.920731,Banka,Photo Clicked,My Phone,24.885483,A7000,IN,Bihar,Idea
PDP_EVENTS,Samsung,74.945473,Bathinda,Buy Clicked,I Phone,30.210995,A7000,IN,Punjab,BSNL
Cart Item Screen,Samsung,71.668427,Botad,None,I Phone,22.170424,Redmi Note3,IN,Gujarat,Airtel
CART_EVENTS,,79.703644,Kanchipuram,Payment Type Selected,I Phone,12.834174,Iphon3,IN,Tamil Nadu,Jio 4G
CART_EVENTS,Samsung,76.522171,Kottayam,Place Order Clicked,Mummy Phone,9.591441,A8000,IN,Kerala,Airtel
Cart Review Order Screen,Google Pixel,88.546867,Payradanga,None,Mummy Phone,23.125587,Iphon3,IN,West Bengal,Jio 4G
CART_EVENTS,Google Pixel,81.300003,Unchahar,Place Order Clicked,I Phone,25.9,Iphon3,IN,Uttar Pradesh,Idea
Cart Payment Screen,Samsung,76.748077,Gangakhed,None,Mummy Phone,18.966354,Iphon3,IN,Maharashtra,Idea
CART_EVENTS,Motorola,84.072235,Bagaha,Place Order Clicked,I Phone,27.122196,Redmi Note3,IN,Bihar,Jio 4G
CART_EVENTS,Google Pixel,88.86718,Basirhat,PAY,I Phone,22.657402,A8000,IN,West Bengal,BSNL
PAYMENT_STATUS,Motorola,81.356804,Shahdol,None,My Phone,23.302189,A8000,IN,Madhya Pradesh,Airtel
JUST_PAY_PAYMENT_STATUS,Google Pixel,88.365593,Nabadwip,None,Motorola,23.406979,Iphon3,IN,West Bengal,Airtel
JUST_PAY_PAYMENT_STATUS,Samsung,77.893394,Dholpur,None,My Phone,26.702518,Iphon3,IN,Rajasthan,Jio 4G
revenue_amount,Samsung,81.033707,Rajnandgaon,None,Samsung,21.097855,Redmi Note3,IN,Chhattisgarh,Jio 4G
CHARGED,Samsung,88.125587,Raiganj,None,Samsung,25.61853,A8000,IN,West Bengal,Airtel
JUST_PAY_PAYMENT_STATUS,Google Pixel,87.744629,Contai,None,My Phone,21.779188,Iphon3,IN,West Bengal,Idea
JUST_PAY_PAYMENT_STATUS,,79.768021,Cuddalore,None,My Phone,11.744699,Iphon3,IN,Tamil Nadu,Idea
JUST_PAY_PAYMENT_STATUS,Redmi Note 3,72.369949,Mehsana,None,Samsung,23.586761,Redmi Note3,IN,Gujarat,Jio 4G
JUST_PAY_PAYMENT_STATUS,Redmi Note 3,83.185654,Azamgarh,None,Mummy Phone,26.072067,Iphon3,IN,Uttar Pradesh,Idea
Session-Started,,78.662567,Etah,None,Motorola,27.55875,A8000,IN,Uttar Pradesh,Idea
TINDER_EVENTS,Motorola,81.188324,Barabanki,Product Clicked,I Phone,26.937834,Iphon3,IN,Uttar Pradesh,BSNL
PDP_EVENTS,Google Pixel,86.092987,Lakhisarai,Photo Clicked,My Phone,25.168901,A7000,IN,Bihar,BSNL
PRODUCT_VIEWED,Motorola,73.84404,Vasco da Gama,None,Mummy Phone,15.386033,A7000,IN,Goa,Idea
PDP_EVENTS,Samsung,86.302193,Giridih,Buy Clicked,Samsung,24.184713,A7000,IN,Jharkhand,Jio 4G
Cart Item Screen,Google Pixel,75.010284,Dharwad,None,Motorola,15.460252,Iphon3,IN,Karnataka,BSNL
CART_EVENTS,Motorola,74.928162,Newasa,Place Order Clicked,My Phone,19.551146,A8000,IN,Maharashtra,Jio 4G
Cart Review Order Screen,Motorola,79.325157,Virudhachalam,None,Motorola,11.519588,Redmi Note3,IN,Tamil Nadu,Idea
CART_EVENTS,Samsung,82.73484,Korba,PAY,Samsung,22.363848,Redmi Note3,IN,Chhattisgarh,Jio 4G
PAYMENT_STATUS,Google Pixel,88.319069,Mirpur,None,I Phone,22.700474,A8000,IN,West Bengal,Jio 4G
revenue_amount,Samsung,76.35257,Khandwa,None,Mummy Phone,21.825733,Iphon3,IN,Madhya Pradesh,BSNL
CHARGED,,79.872665,Mahoba,None,Motorola,25.292509,Iphon3,IN,Uttar Pradesh,Idea
Buy_Complete,Redmi Note 3,73.875801,Junnar,None,My Phone,19.206861,A7000,IN,Maharashtra,Jio 4G
Action Bar,Google Pixel,80.809998,Fatehpur,None,My Phone,25.920074,Redmi Note3,IN,Uttar Pradesh,Airtel
New Navigation Bar,,79.768021,Cuddalore,None,Motorola,11.744699,A8000,IN,Tamil Nadu,Idea
My Order Cancel,Samsung,76.16098,Jhalawar,None,Mummy Phone,24.597349,Redmi Note3,IN,Rajasthan,BSNL
ORDER_CANCEL,Samsung,76.144012,Garhshankar,None,Samsung,31.213682,Redmi Note3,IN,Punjab,Idea
My Order Cancel,Google Pixel,81.356804,Shahdol,None,Mummy Phone,23.302189,A7000,IN,Madhya Pradesh,BSNL
ORDER_CANCEL,Google Pixel,82.0979,Mahasamund,None,I Phone,21.109133,A8000,IN,Chhattisgarh,BSNL
TINDER_EVENTS,Redmi Note 3,81.718285,Barauda,Product Clicked,Motorola,21.191774,Redmi Note3,IN,Chhattisgarh,Idea
PDP_EVENTS,Redmi Note 3,75.563942,Jalgaon,Photo Clicked,Mummy Phone,21.004194,Iphon3,IN,Maharashtra,Idea
PRODUCT_VIEWED,Redmi Note 3,76.522171,Kottayam,None,Mummy Phone,9.591441,Iphon3,IN,Kerala,Airtel
PDP_EVENTS,,78.621887,Vaniyambadi,Buy Clicked,Motorola,12.695032,Redmi Note3,IN,Tamil Nadu,Idea
Cart Item Screen,,87.745796,Contai,None,Mummy Phone,21.778749,Redmi Note3,IN,West Bengal,Jio 4G
PDP_EVENTS,,78.39576,Firozabad,Photo Clicked,Mummy Phone,27.159101,Iphon3,IN,Uttar Pradesh,Idea
PRODUCT_VIEWED,Samsung,86.920731,Banka,None,Samsung,24.885483,A8000,IN,Bihar,Idea
PDP_EVENTS,Redmi Note 3,76.102898,Hassan,Photo Clicked,Mummy Phone,13.009711,Iphon3,IN,Karnataka,Airtel
PDP_EVENTS,Google Pixel,76.919533,Ner Chowk,Buy Clicked,Mummy Phone,31.604889,Redmi Note3,IN,Himachal Pradesh,Airtel
Cart Item Screen,,91.975243,Kalaigaon,None,Motorola,26.57448,A8000,IN,Assam,Jio 4G
CART_EVENTS,Motorola,84.011787,Sasaram,Place Order Clicked,My Phone,24.953514,A7000,IN,Bihar,BSNL
Cart Review Order Screen,Samsung,87.32193,Durgapur,None,I Phone,23.53344,A7000,IN,West Bengal,BSNL
CART_EVENTS,,72.911453,Vapi,PAY,My Phone,20.385181,Iphon3,IN,Gujarat,Jio 4G
PAYMENT_STATUS,,73.899399,Suratgarh,None,Mummy Phone,29.320511,Redmi Note3,IN,Rajasthan,Idea
revenue_amount,Google Pixel,84.148911,Ballia,None,Samsung,25.758503,A8000,IN,Uttar Pradesh,Idea
revenue_amount,,74.742142,Udupi,None,I Phone,13.340881,Iphon3,IN,Karnataka,Idea
CHARGED,Samsung,78.342674,Najibabad,None,My Phone,29.607981,A8000,IN,Uttar Pradesh,Jio 4G
Buy_Complete,Samsung,74.095993,Dhanpur,None,Mummy Phone,22.633492,A8000,IN,Gujarat,Airtel
Action Bar,Redmi Note 3,86.474373,Munger,None,I Phone,25.37571,A7000,IN,Bihar,Airtel
New Navigation Bar,Google Pixel,73.84404,Vasco da Gama,None,Mummy Phone,15.386033,Iphon3,IN,Goa,Airtel
My Order Cancel,Samsung,74.945473,Bathinda,None,Motorola,30.210995,A8000,IN,Punjab,Idea
ORDER_CANCEL,Google Pixel,80.466644,Gola Gokrannath Kheri,None,Mummy Phone,28.080379,A8000,IN,Uttar Pradesh,Jio 4G
My Order Cancel,Google Pixel,76.35257,Khandwa,None,Samsung,21.825733,Iphon3,IN,Madhya Pradesh,Jio 4G
ORDER_CANCEL,Google Pixel,84.011787,Sasaram,None,Samsung,24.953514,A8000,IN,Bihar,BSNL
My Order Cancel,,79.325157,Virudhachalam,None,I Phone,11.519588,A7000,IN,Tamil Nadu,BSNL
ORDER_CANCEL,,80.471588,Gola Gokarannath,None,I Phone,28.078636,Redmi Note3,IN,Uttar Pradesh,Idea
Action Bar,Motorola,87.231972,Kharagpur,None,Motorola,22.34601,Iphon3,IN,West Bengal,Idea
New Navigation Bar,Samsung,74.928162,Newasa,None,Samsung,19.551146,A8000,IN,Maharashtra,Idea
Action Bar,,86.302193,Giridih,None,My Phone,24.184713,Redmi Note3,IN,Jharkhand,Jio 4G
Search,,86.302193,Giridih,None,Motorola,24.184713,Redmi Note3,IN,Jharkhand,Airtel
Action Bar,Google Pixel,72.743675,Dahanu,None,I Phone,19.990751,A8000,IN,Maharashtra,Airtel
Session-Started,Redmi Note 3,76.57403,Mehkar,None,My Phone,20.149822,Redmi Note3,IN,Maharashtra,Jio 4G
Clicks to PDP,,76.748077,Gangakhed,None,I Phone,18.966354,A8000,IN,Maharashtra,Idea
Session-Started,Samsung,73.87719,Sri Ganganagar,None,Motorola,29.903839,A7000,IN,Rajasthan,Idea
Clicks to PDP,Google Pixel,86.119194,Salipur,None,Samsung,20.484348,Redmi Note3,IN,Odisha,Jio 4G
Session-Started,Samsung,76.748077,Gangakhed,None,Mummy Phone,18.966354,A7000,IN,Maharashtra,Idea
Action Bar,Google Pixel,85.309563,Ranchi,None,I Phone,23.344101,A7000,IN,Jharkhand,Airtel
Search,,75.063873,Amalner,None,Samsung,21.04241,Iphon3,IN,Maharashtra,Airtel
PDP_EVENTS,Samsung,83.068352,Robertsganj,Photo Clicked,Motorola,24.685001,Redmi Note3,IN,Uttar Pradesh,BSNL
PRODUCT_VIEWED,Samsung,79.558296,Hanamkonda,None,Motorola,18.007202,A7000,IN,Telangana,BSNL
PDP_EVENTS,Samsung,77.634087,Srivilliputhur,Photo Clicked,I Phone,9.512137,Redmi Note3,IN,Tamil Nadu,BSNL
PDP_EVENTS,,83.185654,Azamgarh,Buy Clicked,Samsung,26.072067,A7000,IN,Uttar Pradesh,Airtel
Cart Item Screen,Samsung,72.657074,Mansa,None,Samsung,23.426788,Iphon3,IN,Gujarat,BSNL
CART_EVENTS,Motorola,84.072235,Bagaha,Payment Type Selected,My Phone,27.122196,Redmi Note3,IN,Bihar,Jio 4G
CART_EVENTS,Motorola,86.092987,Lakhisarai,Place Order Clicked,Motorola,25.168901,A8000,IN,Bihar,Airtel
Cart Review Order Screen,Samsung,88.125587,Raiganj,None,Motorola,25.61853,Iphon3,IN,West Bengal,Airtel
CART_EVENTS,,87.265388,Forbesganj,Place Order Clicked,Motorola,26.298552,Redmi Note3,IN,Bihar,BSNL
Cart Payment Screen,Redmi Note 3,71.770462,Mahuva,None,I Phone,21.092159,A7000,IN,Gujarat,Idea
CART_EVENTS,Samsung,86.920731,Banka,Place Order Clicked,I Phone,24.885483,Redmi Note3,IN,Bihar,Idea
CART_EVENTS,,78.621887,Vaniyambadi,PAY,Samsung,12.695032,Iphon3,IN,Tamil Nadu,Airtel
PAYMENT_STATUS,Redmi Note 3,83.068352,Robertsganj,None,Mummy Phone,24.685001,Iphon3,IN,Uttar Pradesh,Jio 4G
JUST_PAY_PAYMENT_STATUS,Redmi Note 3,72.369949,Mehsana,None,Motorola,23.586761,Iphon3,IN,Gujarat,BSNL
JUST_PAY_PAYMENT_STATUS,Motorola,78.342674,Najibabad,None,Mummy Phone,29.607981,Iphon3,IN,Uttar Pradesh,BSNL
revenue_amount,Redmi Note 3,88.365593,Nabadwip,None,Motorola,23.406979,Redmi Note3,IN,West Bengal,Idea
CHARGED,Samsung,86.302193,Giridih,None,I Phone,24.184713,A8000,IN,Jharkhand,Idea
JUST_PAY_PAYMENT_STATUS,Redmi Note 3,76.57403,Mehkar,None,My Phone,20.149822,Iphon3,IN,Maharashtra,Jio 4G
JUST_PAY_PAYMENT_STATUS,Redmi Note 3,73.899399,Suratgarh,None,I Phone,29.320511,Iphon3,IN,Rajasthan,Jio 4G
JUST_PAY_PAYMENT_STATUS,Google Pixel,74.255989,Dahod,None,Samsung,22.835602,Iphon3,IN,Gujarat,Jio 4G
JUST_PAY_PAYMENT_STATUS,Motorola,71.770462,Mahuva,None,Motorola,21.092159,Iphon3,IN,Gujarat,Idea
Session-Started,Samsung,87.265388,Forbesganj,None,Samsung,26.298552,A7000,IN,Bihar,BSNL
TINDER_EVENTS,Motorola,76.102898,Hassan,Product Clicked,My Phone,13.009711,A8000,IN,Karnataka,Jio 4G
PDP_EVENTS,,79.416924,Gingee,Photo Clicked,Samsung,12.252576,A7000,IN,Tamil Nadu,Jio 4G
PRODUCT_VIEWED,Google Pixel,74.68,Nimbahera,None,My Phone,24.620001,Redmi Note3,IN,Rajasthan,Idea
PDP_EVENTS,Google Pixel,88.250992,Maheshtala,Buy Clicked,My Phone,22.511976,A7000,IN,West Bengal,Airtel
Cart Item Screen,Motorola,71.668427,Botad,None,My Phone,22.170424,Iphon3,IN,Gujarat,Airtel
CART_EVENTS,Google Pixel,76.894684,Mandya,Place Order Clicked,I Phone,12.523731,Iphon3,IN,Karnataka,BSNL
Cart Review Order Screen,,76.566132,Khamgaon,None,My Phone,20.711622,A7000,IN,Maharashtra,Jio 4G
CART_EVENTS,Google Pixel,84.79409,Brahmapur,PAY,Mummy Phone,19.314962,A7000,IN,Odisha,Airtel
PAYMENT_STATUS,Samsung,77.312935,Tenkasi,None,I Phone,8.959021,Redmi Note3,IN,Tamil Nadu,BSNL
revenue_amount,,76.1175,Rahon,None,Mummy Phone,31.052128,Redmi Note3,IN,Punjab,Idea
CHARGED,Samsung,86.302193,Giridih,None,My Phone,24.184713,A7000,IN,Jharkhand,Jio 4G
Buy_Complete,Motorola,74.518204,Sri Muktsar Sahib,None,Motorola,30.480042,Redmi Note3,IN,Punjab,Airtel
Action Bar,Samsung,75.025505,Sirsa,None,My Phone,29.536535,A8000,IN,Haryana,Idea
New Navigation Bar,Redmi Note 3,85.781029,Samastipur,None,Samsung,25.862968,A8000,IN,Biha,Jio 4G
My Order Cancel,Motorola,70.627625,Jetpur,None,Mummy Phone,21.761524,A8000,IN,Gujarat,Idea
ORDER_CANCEL,Samsung,74.966583,Churu,None,Samsung,28.29229,Redmi Note3,IN,Rajasthan,Idea
My Order Cancel,Redmi Note 3,76.334824,Dausa,None,I Phone,26.894478,Redmi Note3,IN,Rajasthan,Airtel
ORDER_CANCEL,Google Pixel,75.063873,Amalner,None,Samsung,21.04241,A7000,IN,Maharashtra,Idea
TINDER_EVENTS,Motorola,86.151115,Bokaro Steel City,Product Clicked,Samsung,23.669296,Iphon3,IN,Jharkhand,Idea
PDP_EVENTS,Motorola,78.226341,Pulivendula,Photo Clicked,My Phone,14.422232,Iphon3,IN,Andhra Pradesh,Airtel
PRODUCT_VIEWED,Motorola,83.068352,Robertsganj,None,Mummy Phone,24.685001,Iphon3,IN,Uttar Pradesh,Idea
PDP_EVENTS,Redmi Note 3,85.309563,Ranchi,Buy Clicked,Mummy Phone,23.344101,A8000,IN,Jharkhand,Jio 4G
Cart Item Screen,Redmi Note 3,86.1222,Anandapur,None,Motorola,21.2155,Iphon3,IN,Odisha,BSNL
PDP_EVENTS,Samsung,86.474373,Munger,Photo Clicked,Mummy Phone,25.37571,Iphon3,IN,Bihar,Idea
PRODUCT_VIEWED,Google Pixel,74.966583,Churu,None,Motorola,28.29229,Iphon3,IN,Rajasthan,Jio 4G
PDP_EVENTS,Samsung,75.455215,Fatehabad,Photo Clicked,My Phone,29.511778,Redmi Note3,IN,Haryana,Jio 4G
PDP_EVENTS,Google Pixel,79.558296,Hanamkonda,Buy Clicked,Mummy Phone,18.007202,A7000,IN,Telangana,Jio 4G
Cart Item Screen,Motorola,77.594566,Bengaluru,None,Motorola,12.971599,A8000,IN,Karnataka,Airtel
CART_EVENTS,,84.072235,Bagaha,Place Order Clicked,My Phone,27.122196,Iphon3,IN,Bihar,Airtel
Cart Review Order Screen,Google Pixel,71.668427,Botad,None,Mummy Phone,22.170424,Redmi Note3,IN,Gujarat,Idea
CART_EVENTS,Google Pixel,76.566132,Khamgaon,PAY,Samsung,20.711622,Iphon3,IN,Maharashtra,Jio 4G
PAYMENT_STATUS,Motorola,74.742142,Udupi,None,My Phone,13.340881,A8000,IN,Karnataka,Idea
revenue_amount,Motorola,79.623924,Suryapet,None,My Phone,17.143908,A8000,IN,Telangana,Jio 4G
revenue_amount,Redmi Note 3,88.365593,Nabadwip,None,My Phone,23.406979,Redmi Note3,IN,West Bengal,Idea
CHARGED,,88.86718,Basirhat,None,Samsung,22.657402,A8000,IN,West Bengal,Jio 4G
Buy_Complete,Motorola,81.356804,Shahdol,None,Mummy Phone,23.302189,A8000,IN,Madhya Pradesh,Jio 4G
Action Bar,Redmi Note 3,86.119194,Salipur,None,Motorola,20.484348,A8000,IN,Odisha,Airtel
New Navigation Bar,,74.518204,Sri Muktsar Sahib,None,My Phone,30.480042,Iphon3,IN,Punjab,Airtel
My Order Cancel,,74.095993,Dhanpur,None,I Phone,22.633492,Iphon3,IN,Gujarat,Airtel
ORDER_CANCEL,Google Pixel,84.989555,Jahanabad,None,Motorola,25.213928,Redmi Note3,IN,Bihar,Idea
My Order Cancel,Motorola,78.133957,Karera,None,I Phone,25.454794,Iphon3,IN,Madhya Pradesh,BSNL
ORDER_CANCEL,Motorola,71.668427,Botad,None,Samsung,22.170424,A8000,IN,Gujarat,BSNL
My Order Cancel,Samsung,84.148911,Ballia,None,Motorola,25.758503,Iphon3,IN,Uttar Pradesh,Idea
ORDER_CANCEL,Samsung,76.522171,Kottayam,None,Samsung,9.591441,Redmi Note3,IN,Kerala,BSNL
Action Bar,Motorola,88.262672,Darjeeling,None,Mummy Phone,27.036007,Redmi Note3,IN,West Bengal,Jio 4G
New Navigation Bar,Google Pixel,78.08181,Sangareddy,None,Motorola,17.611629,A8000,IN,Telangana,Jio 4G
Action Bar,Samsung,75.025505,Sirsa,None,My Phone,29.536535,A7000,IN,Haryana,Airtel
Search,Samsung,88.86718,Basirhat,None,My Phone,22.657402,Redmi Note3,IN,West Bengal,BSNL
Action Bar,Motorola,78.100014,Aruppukkottai,None,Mummy Phone,9.515625,A8000,IN,Tamil Nadu,Airtel
Session-Started,Redmi Note 3,77.893394,Dholpur,None,Samsung,26.702518,Iphon3,IN,Rajasthan,BSNL
Clicks to PDP,Google Pixel,87.746803,Ghatal,None,Samsung,22.663696,A8000,IN,West Bengal,BSNL
Session-Started,,87.265388,Forbesganj,None,Mummy Phone,26.298552,Iphon3,IN,Bihar,Idea
Clicks to PDP,Samsung,88.319069,Mirpur,None,Mummy Phone,22.700474,A7000,IN,West Bengal,Idea
Session-Started,Motorola,72.998199,Bharuch,None,My Phone,21.705723,A8000,IN,Gujarat,Airtel
Action Bar,Google Pixel,78.621887,Vaniyambadi,None,I Phone,12.695032,A7000,IN,Tamil Nadu,Jio 4G
Search,Redmi Note 3,86.474373,Munger,None,I Phone,25.37571,A7000,IN,Bihar,BSNL
PDP_EVENTS,Samsung,80.471588,Gola Gokarannath,Photo Clicked,I Phone,28.078636,A8000,IN,Uttar Pradesh,BSNL
PRODUCT_VIEWED,,88.563934,Ranaghat,None,Mummy Phone,23.174049,Iphon3,IN,West Bengal,BSNL
PDP_EVENTS,Samsung,78.591637,Paramakudi,Photo Clicked,I Phone,9.548395,Iphon3,IN,Tamil Nadu,BSNL
PDP_EVENTS,Google Pixel,77.312935,Tenkasi,Buy Clicked,My Phone,8.959021,A8000,IN,Tamil Nadu,Jio 4G
Cart Item Screen,Motorola,75.025505,Sirsa,None,Motorola,29.536535,A7000,IN,Haryana,Idea
CART_EVENTS,,74.945473,Bathinda,Payment Type Selected,I Phone,30.210995,A7000,IN,Punjab,BSNL
CART_EVENTS,Motorola,77.893394,Dholpur,Place Order Clicked,Motorola,26.702518,Redmi Note3,IN,Rajasthan,Idea
Cart Review Order Screen,Motorola,72.657074,Mansa,None,Motorola,23.426788,A8000,IN,Gujarat,Idea
CART_EVENTS,Motorola,76.522171,Kottayam,Place Order Clicked,Motorola,9.591441,A8000,IN,Kerala,Airtel
Cart Payment Screen,Motorola,78.08181,Sangareddy,None,Motorola,17.611629,Redmi Note3,IN,Telangana,Jio 4G
CART_EVENTS,Motorola,72.369949,Mehsana,Place Order Clicked,My Phone,23.586761,A7000,IN,Gujarat,BSNL
CART_EVENTS,,85.905533,Cuttack,PAY,My Phone,20.450474,A7000,IN,Odisha,Jio 4G
PAYMENT_STATUS,Motorola,74.966583,Churu,None,I Phone,28.29229,Redmi Note3,IN,Rajasthan,BSNL
JUST_PAY_PAYMENT_STATUS,Samsung,75.563942,Jalgaon,None,Mummy Phone,21.004194,Redmi Note3,IN,Maharashtra,Airtel
JUST_PAY_PAYMENT_STATUS,Samsung,86.302193,Giridih,None,My Phone,24.184713,A7000,IN,Jharkhand,BSNL
revenue_amount,Redmi Note 3,91.975243,Kalaigaon,None,Mummy Phone,26.57448,A8000,IN,Assam,BSNL
CHARGED,Samsung,72.369949,Mehsana,None,Mummy Phone,23.586761,Iphon3,IN,Gujarat,Airtel
JUST_PAY_PAYMENT_STATUS,Motorola,74.095993,Dhanpur,None,Mummy Phone,22.633492,A7000,IN,Gujarat,Airtel
JUST_PAY_PAYMENT_STATUS,Motorola,79.325157,Virudhachalam,None,Samsung,11.519588,A7000,IN,Tamil Nadu,BSNL
JUST_PAY_PAYMENT_STATUS,Motorola,88.262672,Darjeeling,None,I Phone,27.036007,Redmi Note3,IN,West Bengal,Airtel
JUST_PAY_PAYMENT_STATUS,Motorola,76.144012,Garhshankar,None,My Phone,31.213682,A8000,IN,Punjab,BSNL
Session-Started,Samsung,81.526558,Tadepalligudem,None,My Phone,16.814524,Redmi Note3,IN,Andhra Pradesh,BSNL
TINDER_EVENTS,Samsung,75.151535,Kekri,Product Clicked,I Phone,25.973787,Iphon3,IN,Rajasthan,Jio 4G
PDP_EVENTS,,86.490608,Jamalpur,Photo Clicked,My Phone,25.312717,Redmi Note3,IN,Bihar,Airtel
PRODUCT_VIEWED,Redmi Note 3,74.966583,Churu,None,Mummy Phone,28.29229,Iphon3,IN,Rajasthan,Airtel
PDP_EVENTS,Motorola,74.255989,Dahod,Buy Clicked,I Phone,22.835602,Redmi Note3,IN,Gujarat,BSNL
Cart Item Screen,Google Pixel,77.507561,Muradnagar,None,Samsung,28.771646,Iphon3,IN,Uttar Pradesh,Airtel
CART_EVENTS,,84.072235,Bagaha,Place Order Clicked,I Phone,27.122196,A8000,IN,Bihar,Idea
Cart Review Order Screen,Redmi Note 3,87.744629,Contai,None,Motorola,21.779188,Redmi Note3,IN,West Bengal,BSNL
CART_EVENTS,,78.100014,Aruppukkottai,PAY,Mummy Phone,9.515625,A8000,IN,Tamil Nadu,Jio 4G
PAYMENT_STATUS,Samsung,71.668427,Botad,None,Mummy Phone,22.170424,Iphon3,IN,Gujarat,Airtel
revenue_amount,Redmi Note 3,80.117729,Thandalam,None,Samsung,12.999464,A7000,IN,Tamil Nadu,Jio 4G
CHARGED,Samsung,85.625511,Chakradharpur,None,I Phone,22.668312,A8000,IN,Jharkhand,Jio 4G
Buy_Complete,Redmi Note 3,87.746803,Ghatal,None,Samsung,22.663696,A8000,IN,West Bengal,Airtel
Action Bar,Redmi Note 3,83.185654,Azamgarh,None,I Phone,26.072067,Redmi Note3,IN,Uttar Pradesh,Idea
New Navigation Bar,Google Pixel,88.318954,Kolkata,None,I Phone,22.542061,A8000,IN,West Bengal,Airtel
My Order Cancel,Motorola,71.770462,Mahuva,None,My Phone,21.092159,Iphon3,IN,Gujarat,Jio 4G
ORDER_CANCEL,Motorola,87.231972,Kharagpur,None,I Phone,22.34601,A7000,IN,West Bengal,Idea
My Order Cancel,Samsung,76.16098,Jhalawar,None,Motorola,24.597349,A7000,IN,Rajasthan,Idea
ORDER_CANCEL,Motorola,76.522171,Kottayam,None,Samsung,9.591441,Redmi Note3,IN,Kerala,Airtel
TINDER_EVENTS,Google Pixel,88.262672,Darjeeling,Product Clicked,Mummy Phone,27.036007,Redmi Note3,IN,West Bengal,Jio 4G
PDP_EVENTS,Google Pixel,72.743675,Dahanu,Photo Clicked,My Phone,19.990751,A8000,IN,Maharashtra,Jio 4G
PRODUCT_VIEWED,Motorola,74.928162,Newasa,None,My Phone,19.551146,A8000,IN,Maharashtra,Airtel
PDP_EVENTS,Redmi Note 3,79.768021,Cuddalore,Buy Clicked,Samsung,11.744699,A8000,IN,Tamil Nadu,Idea
Cart Item Screen,Google Pixel,77.594566,Bengaluru,None,My Phone,12.971599,Iphon3,IN,Karnataka,Jio 4G
PDP_EVENTS,,88.125587,Raiganj,Photo Clicked,Samsung,25.61853,A8000,IN,West Bengal,Airtel
PRODUCT_VIEWED,Google Pixel,73.84404,Vasco da Gama,None,Samsung,15.386033,Iphon3,IN,Goa,Idea
PDP_EVENTS,Samsung,73.84404,Vasco da Gama,Photo Clicked,My Phone,15.386033,A8000,IN,Goa,Jio 4G
PDP_EVENTS,Samsung,73.87719,Sri Ganganagar,Buy Clicked,My Phone,29.903839,Iphon3,IN,Rajasthan,Airtel
Cart Item Screen,Redmi Note 3,87.32193,Durgapur,None,Motorola,23.53344,A7000,IN,West Bengal,BSNL
CART_EVENTS,Google Pixel,87.745796,Contai,Place Order Clicked,Mummy Phone,21.778749,A8000,IN,West Bengal,Jio 4G
Cart Review Order Screen,Google Pixel,88.86718,Basirhat,None,Samsung,22.657402,Redmi Note3,IN,West Bengal,Idea
CART_EVENTS,Samsung,80.466644,Gola Gokrannath Kheri,PAY,Mummy Phone,28.080379,Iphon3,IN,Uttar Pradesh,Idea
PAYMENT_STATUS,Redmi Note 3,78.39576,Firozabad,None,I Phone,27.159101,A8000,IN,Uttar Pradesh,Jio 4G
revenue_amount,Samsung,72.369949,Mehsana,None,I Phone,23.586761,A8000,IN,Gujarat,Jio 4G
revenue_amount,Redmi Note 3,77.848434,Bulandshahar,None,Mummy Phone,28.411331,Iphon3,IN,Uttar Pradesh,Idea
CHARGED,Motorola,84.989555,Jahanabad,None,Mummy Phone,25.213928,A8000,IN,Bihar,BSNL
Buy_Complete,Redmi Note 3,77.634087,Srivilliputhur,None,Motorola,9.512137,Redmi Note3,IN,Tamil Nadu,BSNL
Action Bar,Motorola,84.072235,Bagaha,None,Mummy Phone,27.122196,A8000,IN,Bihar,Idea
New Navigation Bar,,78.662567,Etah,None,Motorola,27.55875,A8000,IN,Uttar Pradesh,Idea
My Order Cancel,Samsung,87.482185,Purnea,None,Motorola,25.771103,Redmi Note3,IN,Bihar,BSNL
ORDER_CANCEL,,78.342674,Najibabad,None,Samsung,29.607981,A7000,IN,Uttar Pradesh,Jio 4G
My Order Cancel,,76.334824,Dausa,None,Samsung,26.894478,A7000,IN,Rajasthan,BSNL
ORDER_CANCEL,Motorola,73.875801,Junnar,None,Samsung,19.206861,A7000,IN,Maharashtra,Jio 4G
My Order Cancel,Samsung,81.300003,Unchahar,None,My Phone,25.9,Iphon3,IN,Uttar Pradesh,Idea
ORDER_CANCEL,Motorola,76.566132,Khamgaon,None,Mummy Phone,20.711622,Iphon3,IN,Maharashtra,Jio 4G
Action Bar,,78.483093,Nandyal,None,I Phone,15.478569,Redmi Note3,IN,Andhra Pradesh,Jio 4G
New Navigation Bar,Google Pixel,75.010284,Dharwad,None,Mummy Phone,15.460252,A7000,IN,Karnataka,Airtel
Action Bar,Redmi Note 3,79.959244,Sriperumbudur,None,I Phone,12.946366,Iphon3,IN,Tamil Nadu,Idea
Search,Samsung,77.893394,Dholpur,None,My Phone,26.702518,A8000,IN,Rajasthan,BSNL
Action Bar,,76.1175,Rahon,None,I Phone,31.052128,A8000,IN,Punjab,BSNL
Session-Started,Samsung,86.302193,Giridih,None,Motorola,24.184713,Iphon3,IN,Jharkhand,Idea
Clicks to PDP,Samsung,88.125587,Raiganj,None,Samsung,25.61853,Iphon3,IN,West Bengal,BSNL
Session-Started,Samsung,84.072235,Bagaha,None,Samsung,27.122196,Redmi Note3,IN,Bihar,Idea
Clicks to PDP,Samsung,83.896782,Srikakulam,None,Mummy Phone,18.296974,A7000,IN,Andhra Pradesh,Idea
Session-Started,Samsung,71.668427,Botad,None,Mummy Phone,22.170424,A8000,IN,Gujarat,Idea
Action Bar,Google Pixel,74.742142,Udupi,None,Mummy Phone,13.340881,A8000,IN,Karnataka,Idea
Search,Redmi Note 3,73.84404,Vasco da Gama,None,Samsung,15.386033,A8000,IN,Goa,Airtel
PDP_EVENTS,,73.84404,Vasco da Gama,Photo Clicked,Mummy Phone,15.386033,A7000,IN,Goa,BSNL
PRODUCT_VIEWED,Motorola,72.911453,Vapi,None,Samsung,20.385181,Redmi Note3,IN,Gujarat,Idea
PDP_EVENTS,Motorola,86.151115,Bokaro Steel City,Photo Clicked,My Phone,23.669296,Iphon3,IN,Jharkhand,BSNL
PDP_EVENTS,Motorola,90.535233,Bongaigaon,Buy Clicked,I Phone,26.500999,A7000,IN,Assam,BSNL
Cart Item Screen,Samsung,79.804459,Bisalpur,None,Mummy Phone,28.293783,A8000,IN,Uttar Pradesh,Airtel
CART_EVENTS,Redmi Note 3,79.768021,Cuddalore,Payment Type Selected,Mummy Phone,11.744699,Redmi Note3,IN,Tamil Nadu,Jio 4G
CART_EVENTS,Motorola,77.893394,Dholpur,Place Order Clicked,My Phone,26.702518,Iphon3,IN,Rajasthan,Jio 4G
Cart Review Order Screen,Redmi Note 3,86.474373,Munger,None,I Phone,25.37571,Iphon3,IN,Bihar,Jio 4G
CART_EVENTS,Motorola,75.037636,Ratlam,Place Order Clicked,Mummy Phone,23.334169,A8000,IN,Madhya Pradesh,BSNL
Cart Payment Screen,Redmi Note 3,81.300003,Unchahar,None,Samsung,25.9,A7000,IN,Uttar Pradesh,Jio 4G
CART_EVENTS,,84.79409,Brahmapur,Place Order Clicked,My Phone,19.314962,Iphon3,IN,Odisha,Jio 4G
CART_EVENTS,,79.416924,Gingee,PAY,Samsung,12.252576,Redmi Note3,IN,Tamil Nadu,Airtel
PAYMENT_STATUS,Samsung,75.010284,Dharwad,None,My Phone,15.460252,Redmi Note3,IN,Karnataka,Jio 4G
JUST_PAY_PAYMENT_STATUS,Samsung,78.498894,Secunderabad,None,Samsung,17.440325,A8000,IN,Telangana,Jio 4G
JUST_PAY_PAYMENT_STATUS,,79.872665,Mahoba,None,Samsung,25.292509,A7000,IN,Uttar Pradesh,Airtel
revenue_amount,Redmi Note 3,88.563934,Ranaghat,None,Mummy Phone,23.174049,A7000,IN,West Bengal,Airtel
CHARGED,Motorola,72.911453,Vapi,None,I Phone,20.385181,Iphon3,IN,Gujarat,Idea
JUST_PAY_PAYMENT_STATUS,Motorola,86.302193,Giridih,None,Mummy Phone,24.184713,A8000,IN,Jharkhand,BSNL
JUST_PAY_PAYMENT_STATUS,Samsung,76.16098,Jhalawar,None,Samsung,24.597349,A7000,IN,Rajasthan,Jio 4G
JUST_PAY_PAYMENT_STATUS,Redmi Note 3,72.743675,Dahanu,None,Mummy Phone,19.990751,Iphon3,IN,Maharashtra,BSNL
JUST_PAY_PAYMENT_STATUS,Google Pixel,86.474373,Munger,None,I Phone,25.37571,Redmi Note3,IN,Bihar,Jio 4G
